MUNICIPALITY,YES,NO,BLANK,YES.1,NO.1,BLANK.1,YES.2,NO.2,BLANK.2,YES.3,NO.3,BLANK.3,YES.4,NO.4,BLANK.4
ABBOT,43,75,0,39,79,0,55,63,0,33,85,0,59,59,0
ACTON,162,109,3,177,94,3,199,74,1,150,119,5,190,82,2
ADDISON,70,90,1,59,102,0,91,70,0,50,110,1,76,85,0
ALBANY,43,40,1,45,39,0,49,34,1,39,45,0,48,36,0
ALBION,127,161,1,120,169,0,146,142,1,102,187,0,133,156,0
ALEXANDER,44,38,1,35,48,0,52,29,2,27,56,0,42,40,1
ALFRED,272,153,5,255,172,3,304,123,3,230,197,3,284,145,1
ALLAGASH,27,12,0,27,12,0,31,8,0,21,18,0,28,11,0
ALNA,82,67,1,100,50,0,111,38,1,87,62,1,107,43,0
ALTON,65,42,0,50,57,0,72,35,0,44,63,0,63,44,0
AMHERST,31,27,0,28,29,1,39,19,0,27,31,0,32,26,0
AMITY,14,12,0,11,15,0,19,7,0,10,15,1,13,13,0
ANDOVER,65,78,3,68,76,2,92,53,1,61,84,1,73,72,1
ANSON,147,129,2,135,143,0,168,110,0,104,173,1,147,131,0
APPLETON,128,97,3,128,96,4,166,60,2,131,96,1,138,87,3
ARROWSIC,110,44,1,124,31,0,135,18,2,109,44,2,121,34,0
ARUNDEL,259,232,5,274,217,5,337,157,2,249,243,4,306,187,3
ASHLAND,96,57,3,97,57,2,110,41,5,70,82,4,107,46,3
ATHENS,30,38,1,18,50,1,38,31,0,15,51,3,26,42,1
ATKINSON,26,31,0,25,31,1,34,23,0,17,40,0,31,26,0
AUBURN,1954,1373,65,2056,1290,46,2320,1010,62,1697,1637,58,2261,1101,30
AUGUSTA,2029,1049,53,2006,1069,56,2412,671,48,1704,1349,78,2127,962,42
AURORA,14,14,0,9,19,0,14,13,1,8,20,0,12,16,0
AVON,28,32,1,26,35,0,31,30,0,20,40,1,31,30,0
BAILEYVILLE,100,68,5,89,80,4,119,50,4,66,104,3,108,62,3
BALDWIN,80,85,0,71,93,1,96,69,0,62,103,0,84,81,0
BANCROFT,7,4,0,7,4,0,9,2,0,8,3,0,8,3,0
BANGOR,2444,1536,89,2550,1436,83,3071,912,86,2093,1852,124,2795,1200,74
BAR HARBOR,642,457,21,789,319,12,941,159,20,677,419,24,837,275,8
BARING,15,18,0,17,16,0,22,11,0,10,23,0,15,18,0
BATH,924,605,26,1049,487,19,1210,328,17,928,602,25,1074,469,12
BEALS,23,18,1,24,17,1,28,13,1,23,19,0,25,16,1
BEAVER COVE,18,26,1,21,24,0,32,13,0,26,19,0,27,18,0
BEDDINGTON,9,4,0,9,4,0,9,4,0,9,4,0,9,4,0
BELFAST,868,683,61,1012,548,52,1190,380,42,889,668,55,1112,465,35
BELGRADE,258,159,1,242,172,4,313,103,2,228,188,2,267,149,2
BELMONT,75,63,2,63,76,1,85,54,1,57,81,2,75,64,1
BENTON,204,149,3,184,169,3,230,121,5,157,196,3,205,148,3
BERWICK,384,242,2,370,258,0,456,169,3,332,295,1,384,244,0
BETHEL,205,139,1,233,111,1,266,77,2,200,144,1,252,92,1
BIDDEFORD,2075,2035,106,2281,1847,88,2716,1409,91,1819,2289,108,2429,1709,78
BINGHAM,73,49,0,62,60,0,79,43,0,61,61,0,75,47,0
BLAINE,43,38,0,38,43,0,55,26,0,27,53,1,43,38,0
BLUE HILL,273,261,6,368,171,1,421,116,3,348,190,2,406,131,3
BOOTHBAY,657,481,14,734,406,12,837,305,10,672,470,10,743,398,11
BOOTHBAY HARBOR,288,171,10,315,150,4,355,109,5,289,175,5,323,139,7
BOWDOIN,181,148,1,169,160,1,206,123,1,144,185,1,186,143,1
BOWDOINHAM,322,225,7,337,214,3,407,141,6,315,236,3,359,195,0
BOWERBANK,10,9,0,8,10,1,11,8,0,8,11,0,8,10,1
BRADFORD,76,82,0,62,96,0,93,65,0,51,106,1,72,86,0
BRADLEY,100,67,1,88,79,1,116,50,2,72,95,1,94,73,1
BREMEN,86,63,1,93,55,2,112,37,1,90,60,0,99,51,0
BREWER,838,694,17,747,782,20,1000,526,23,641,888,20,904,631,14
BRIDGEWATER,22,35,1,28,29,1,36,22,0,19,38,1,33,25,0
BRIDGTON,341,256,6,356,240,7,440,158,5,328,268,7,380,218,5
BRIGHTON,9,4,0,5,8,0,7,6,0,5,8,0,8,5,0
BRISTOL,365,182,8,403,148,4,461,90,4,387,162,6,412,137,6
BROOKLIN,90,81,1,112,59,1,125,47,0,104,67,1,122,50,0
BROOKS,73,71,1,59,84,2,75,70,0,55,87,3,66,77,2
BROOKSVILLE,124,104,5,153,76,4,179,52,2,143,88,2,171,61,1
BROWNFIELD,77,71,0,76,71,1,91,57,0,73,74,1,84,63,1
BROWNVILLE,78,57,2,66,70,1,102,33,2,62,75,0,81,55,1
BRUNSWICK,2170,1073,50,2446,823,24,2640,627,26,2234,1021,38,2530,748,15
BUCKFIELD,141,140,2,116,165,2,167,115,1,108,173,2,139,143,1
BUCKSPORT,460,343,10,414,387,12,577,227,9,425,378,10,505,303,5
BURLINGTON,21,25,0,22,24,0,32,14,0,17,29,0,24,22,0
BURNHAM,143,170,16,127,188,14,172,143,14,92,220,17,148,171,10
BUXTON,554,387,11,518,428,6,629,319,4,453,492,7,585,364,3
BYRON,11,24,0,16,19,0,19,16,0,13,22,0,14,21,0
CALAIS,379,338,15,376,337,19,508,207,17,265,450,17,460,260,12
CAMBRIDGE,38,49,0,27,60,0,41,46,0,29,58,0,36,50,1
CAMDEN,855,476,43,1068,275,31,1164,175,35,968,366,40,1093,254,27
CANAAN,115,108,2,110,114,1,138,85,2,93,132,0,121,104,0
CANTON,61,53,1,50,64,1,73,42,0,39,74,2,51,63,1
CAPE ELIZABETH,1542,895,69,1896,566,44,2059,409,38,1681,772,53,1995,482,29
CARATUNK,15,4,0,15,4,0,17,2,0,15,4,0,16,3,0
CARIBOU/CONNOR,611,539,21,638,511,22,772,385,14,423,715,33,727,427,17
CARMEL,147,163,0,112,198,0,177,129,4,110,199,1,141,169,0
CARRABASSETT VALLEY,84,55,0,96,42,1,109,30,0,90,49,0,106,32,1
CARROLL,12,18,0,7,23,0,15,15,0,7,23,0,12,18,0
CARTHAGE,37,26,1,34,29,1,42,22,0,32,31,1,35,29,0
CARY,11,16,0,13,14,0,16,11,0,9,18,0,13,14,0
CASCO,237,173,2,231,180,1,287,124,1,221,191,0,255,157,0
CASTINE,213,107,6,222,99,5,270,51,5,278,46,2,237,85,4
CASTLE HILL,21,41,0,35,27,0,38,24,0,18,44,0,33,29,0
CASWELL,18,19,1,18,20,0,26,11,1,14,23,1,24,14,0
CHAPMAN,35,24,0,36,23,0,43,16,0,28,31,0,37,22,0
CHARLESTON,68,94,1,50,113,0,79,83,1,44,118,1,56,106,1
CHARLOTTE,32,26,1,20,38,1,38,21,0,20,38,1,27,32,0
CHEBEAGUE ISLAND,80,43,0,93,29,1,101,22,0,92,31,0,99,24,0
CHELSEA,154,118,1,128,144,1,185,88,0,108,165,0,152,121,0
CHERRYFIELD,78,63,0,73,68,0,86,54,1,76,63,2,75,66,0
CHESTER,35,37,1,26,47,0,38,34,1,22,51,0,26,46,1
CHESTERVILLE,119,121,4,116,125,3,160,83,1,95,147,2,128,115,1
CHINA,748,554,25,679,620,28,874,429,24,576,721,30,774,536,17
CLIFTON,60,64,0,54,70,0,73,50,1,48,76,0,57,66,1
CLINTON,235,135,2,210,161,1,267,104,1,181,190,1,221,150,1
COLUMBIA,26,17,2,15,30,0,23,22,0,15,30,0,20,25,0
COLUMBIA FALLS,44,41,0,32,52,1,53,31,1,28,57,0,38,47,0
COOPER,32,11,0,25,18,0,33,10,0,25,18,0,32,11,0
COPLIN,16,12,0,15,13,0,19,9,0,13,15,0,16,12,0
CORINNA,145,105,1,119,131,1,155,95,1,102,149,0,141,110,0
CORINTH,268,306,8,238,333,11,348,224,10,186,380,16,279,291,12
CORNISH,85,60,0,79,66,0,99,46,0,66,79,0,89,56,0
CORNVILLE,63,75,1,61,78,0,77,60,2,45,93,1,69,69,1
CRANBERRY ISLES,31,34,3,48,18,2,55,12,1,41,26,1,49,18,1
CRAWFORD,16,9,0,17,7,1,19,6,0,17,8,0,17,8,0
CRYSTAL,20,15,0,19,16,0,20,14,1,16,18,1,16,19,0
CUMBERLAND,818,458,16,912,371,9,1023,257,12,851,425,16,970,315,7
CUSHING,191,166,4,204,152,5,255,97,9,164,186,11,191,163,7
CUTLER,27,30,2,36,23,0,35,22,2,31,27,1,32,26,1
CYR,4,10,0,8,6,0,8,6,0,4,10,0,6,8,0
DALLAS,44,37,0,49,32,0,61,19,1,41,40,0,53,28,0
DAMARISCOTTA,235,119,7,260,95,6,301,53,7,264,92,5,270,85,6
DANFORTH/BROOKTON,39,33,1,22,48,3,42,30,1,24,46,3,31,41,1
DAYTON,221,191,2,215,198,1,248,165,1,172,240,2,234,180,0
DEBLOIS,6,2,0,4,4,0,3,5,0,2,6,0,3,5,0
DEDHAM,141,115,2,127,130,1,172,85,1,127,129,2,143,114,1
DEER ISLE,203,136,4,237,104,2,277,63,3,221,117,5,256,85,2
DENMARK,91,85,2,100,77,1,112,65,1,83,93,2,104,74,0
DENNISTOWN,1,2,0,0,3,0,2,1,0,0,3,0,1,2,0
DENNYSVILLE/EDMUNDS ,39,50,2,48,41,2,61,29,1,35,54,2,58,32,1
DETROIT,40,42,0,31,51,0,49,32,1,25,57,0,37,45,0
DEXTER,378,266,15,339,310,10,451,194,14,269,376,14,378,273,8
DIXFIELD,130,120,2,124,128,0,151,100,1,99,153,0,126,126,0
DIXMONT,88,91,1,89,91,0,112,67,1,73,107,0,92,88,0
DOVER-FOXCROFT,266,240,4,264,240,6,329,175,6,210,291,9,295,208,7
DRESDEN,163,119,3,156,127,2,191,93,1,148,136,1,164,119,2
DREW,3,1,0,3,1,0,3,1,0,1,3,0,4,0,0
DURHAM,524,765,11,517,773,10,757,531,12,425,866,9,567,725,8
DYER BROOK,19,23,1,14,28,1,26,17,0,10,32,1,16,27,0
EAGLE LAKE,57,39,0,66,30,0,69,25,2,44,52,0,67,29,0
EAST MACHIAS,122,109,5,110,124,2,141,93,2,71,161,4,106,127,3
EAST MILLINOCKET,271,206,13,255,226,9,330,147,13,195,279,16,273,203,14
EASTBROOK,30,39,1,28,42,0,38,31,1,24,46,0,34,36,0
EASTON,69,82,1,75,76,1,102,49,1,52,98,2,82,70,0
EASTPORT,264,180,8,279,169,4,369,78,5,236,208,8,296,149,7
EDDINGTON,191,170,2,161,202,0,203,158,2,137,223,3,188,174,1
EDGECOMB,98,92,1,122,69,0,135,56,0,103,87,1,123,67,1
EDINBURG,16,15,0,13,18,0,19,12,0,8,23,0,17,14,0
ELIOT,805,693,45,871,642,30,1078,441,24,721,786,36,930,592,21
ELLSWORTH,1077,996,68,1111,971,59,1374,708,59,982,1101,58,1205,884,52
EMBDEN,53,49,1,46,55,2,60,42,1,39,62,2,53,49,1
ENFIELD,98,88,0,90,96,0,110,76,0,71,115,0,106,80,0
ETNA,55,52,0,34,73,0,52,55,0,37,70,0,41,66,0
EUSTIS,48,37,0,47,38,0,60,23,2,45,40,0,47,38,0
EXETER,69,62,0,68,63,0,89,41,1,57,74,0,77,54,0
FAIRFIELD,464,339,8,448,352,11,558,245,8,374,427,10,512,295,4
FALMOUTH,1152,652,17,1293,517,11,1439,373,9,1200,606,15,1376,439,6
FARMINGDALE,249,190,3,266,172,4,310,125,7,228,208,6,285,153,4
FARMINGTON,438,358,6,487,309,6,595,201,6,440,355,7,517,283,2
FAYETTE,158,127,3,165,121,2,187,97,4,132,150,6,177,108,3
FORT FAIRFIELD,221,224,10,271,177,7,303,143,9,172,272,11,289,159,7
FORT KENT,287,181,5,380,90,3,374,94,5,225,243,5,358,112,3
FRANKFORT,63,67,0,56,74,0,75,55,0,46,84,0,58,72,0
FRANKLIN,107,101,4,104,104,4,134,73,5,78,132,2,122,89,1
FREEDOM,43,54,0,41,54,2,65,32,0,39,56,2,53,44,0
FREEPORT,1405,1217,71,1702,954,37,1956,697,40,1489,1146,58,1789,880,24
FRENCHBORO,10,3,0,12,1,0,12,1,0,11,1,1,11,2,0
FRENCHVILLE,87,39,1,89,38,0,108,19,0,72,54,1,93,34,0
FRIENDSHIP,107,73,2,101,79,2,134,45,3,103,77,2,112,69,1
FRYE ISLAND,12,11,0,17,6,0,15,5,3,13,10,0,17,6,0
FRYEBURG,221,222,3,233,212,1,282,160,4,182,259,5,238,207,1
GARDINER,494,265,15,475,282,17,553,206,15,422,337,15,498,267,9
GARFIELD,8,10,1,10,7,2,9,9,1,9,8,2,13,5,1
GARLAND,64,64,0,55,72,1,73,55,0,37,90,1,61,67,0
GEORGETOWN,181,93,3,195,81,1,215,62,0,186,91,0,207,69,1
GILEAD,10,13,0,13,9,1,17,5,1,6,16,1,12,10,1
GLENBURN,259,217,2,230,247,1,315,162,1,192,286,0,266,211,1
GLENWOOD,0,4,0,0,4,0,2,2,0,1,3,0,2,2,0
GORHAM,1440,1210,50,1587,1079,34,1838,820,42,1339,1311,50,1766,912,22
GOULDSBORO,173,159,3,184,148,3,247,86,2,150,183,2,204,129,2
GRAND ISLE,43,22,0,41,24,0,47,18,0,29,36,0,37,28,0
GRAND LAKE STREAM,30,15,0,33,12,0,32,13,0,26,19,0,34,11,0
GRAY,547,376,2,512,411,2,622,301,2,465,459,1,576,348,1
GREAT POND,9,6,0,4,10,1,10,5,0,6,9,0,8,7,0
GREENBUSH,49,68,1,36,82,0,66,51,1,35,81,2,48,70,0
GREENE,284,209,4,257,239,1,309,185,3,232,262,3,297,199,1
GREENVILLE,165,159,4,149,175,4,214,111,3,151,174,3,183,145,0
GREENWOOD,59,31,1,67,24,0,72,19,0,59,30,2,65,26,0
GUILFORD,84,75,1,75,85,0,109,50,1,67,92,1,84,75,1
HALLOWELL,558,277,15,633,205,12,668,165,17,535,301,14,636,201,13
HAMLIN,10,20,0,17,13,0,16,14,0,10,20,0,19,11,0
HAMMOND,6,10,0,5,11,0,6,10,0,2,14,0,7,9,0
HAMPDEN,820,705,16,826,697,18,1073,453,15,695,826,20,960,569,12
HANCOCK,367,316,22,372,319,14,467,224,14,320,372,13,411,285,9
HANOVER,33,27,0,34,26,0,44,16,0,34,26,0,37,23,0
HARMONY,43,70,0,51,62,0,52,60,1,40,73,0,52,61,0
HARPSWELL,777,356,22,869,278,8,946,197,12,844,300,11,866,280,9
HARRINGTON,65,48,2,57,57,1,84,31,0,48,65,2,57,57,1
HARRISON,174,143,5,173,145,4,213,105,4,158,160,4,193,128,1
HARTFORD,70,51,2,66,56,1,80,43,0,55,67,1,66,57,0
HARTLAND,114,117,1,82,149,1,124,107,1,81,150,1,103,128,1
HAYNESVILLE,9,11,0,11,9,0,10,10,0,7,13,0,8,12,0
HEBRON,83,72,1,82,73,1,108,47,1,75,81,0,102,53,1
HERMON,350,261,0,246,364,1,379,229,3,207,403,1,322,288,1
HERSEY,0,4,0,0,4,0,2,2,0,0,4,0,0,4,0
HIGHLAND,23,22,0,24,21,0,27,18,0,17,28,0,25,20,0
HIRAM,76,59,0,73,61,1,94,41,0,72,63,0,85,50,0
HODGDON,64,77,0,51,90,0,70,71,0,38,103,0,57,84,0
HOLDEN,303,241,3,274,265,8,372,173,2,245,298,4,329,216,2
HOLLIS,314,198,1,302,208,3,378,134,1,253,257,3,335,176,2
HOPE,129,111,0,148,91,1,172,68,0,131,109,0,152,86,2
HOULTON,508,400,13,518,389,14,605,301,15,364,541,16,557,357,7
HOWLAND,84,80,0,67,97,0,91,73,0,56,108,0,82,82,0
HUDSON,73,69,0,57,85,0,95,47,0,50,92,0,73,69,0
INDIAN TOWNSHIP,19,9,5,22,6,5,22,5,6,12,15,6,21,7,5
INDUSTRY,61,69,2,58,74,0,84,48,0,52,80,0,63,68,1
ISLAND FALLS,54,38,1,46,45,2,62,29,2,38,53,2,49,43,1
ISLE AU HAUT,18,5,1,19,5,0,22,2,0,19,5,0,22,2,0
ISLESBORO,101,72,1,113,60,1,133,38,3,114,60,0,121,52,1
JACKMAN,63,70,0,46,86,1,80,53,0,38,95,0,54,79,0
JACKSON,44,25,1,39,31,0,47,22,1,37,33,0,44,26,0
JAY,354,239,1,339,254,1,404,186,4,289,304,1,372,220,2
JEFFERSON,229,161,2,230,158,4,270,119,3,202,186,4,248,143,1
JONESBORO,44,35,3,53,28,1,54,28,0,42,40,0,52,30,0
JONESPORT,52,50,0,58,43,1,68,34,0,56,46,0,58,44,0
KENDUSKEAG,87,64,0,67,84,0,106,45,0,54,97,0,83,68,0
KENNEBUNK,1061,631,22,1184,510,20,1332,359,23,1083,612,19,1252,450,12
KENNEBUNKPORT,523,246,11,553,220,7,641,132,7,539,231,10,584,194,2
KINGFIELD,95,73,0,95,73,0,116,51,1,81,87,0,103,65,0
KINGMAN,4,0,0,2,2,0,4,0,0,0,4,0,2,2,0
KITTERY,1010,672,39,1168,517,36,1359,333,29,1038,637,46,1185,512,24
KNOX,41,48,0,40,49,0,47,42,0,33,56,0,45,44,0
LAGRANGE,39,48,0,27,59,1,45,40,2,21,65,1,38,49,0
LAKE VIEW,13,8,0,9,11,1,13,8,0,9,10,2,11,9,1
LAKEVILLE,11,16,0,14,13,0,22,5,0,8,19,0,11,16,0
LAMOINE,321,264,7,340,241,11,422,160,10,297,285,10,366,219,7
LEBANON,419,368,12,378,413,8,502,289,8,308,479,12,403,392,4
LEE,64,51,0,54,61,0,62,53,0,46,69,0,63,52,0
LEEDS,132,122,1,136,118,1,170,84,1,109,143,3,144,110,1
LEVANT,136,132,1,107,160,2,160,107,2,96,171,2,138,130,1
LEWISTON,3922,2639,270,4174,2401,256,4642,1915,274,3386,3166,279,4413,2225,193
LIBERTY,100,66,0,96,70,0,120,46,0,83,83,0,104,61,1
LIMERICK,193,148,6,204,139,4,223,119,5,164,180,3,211,132,4
LIMESTONE,134,111,2,138,107,2,171,72,4,94,150,3,152,94,1
LIMINGTON,191,140,4,157,173,5,204,127,4,140,192,3,177,153,5
LINCOLN,364,409,15,328,454,6,472,300,16,294,477,17,392,387,9
LINCOLNVILLE,192,160,6,221,134,3,259,99,0,194,162,2,233,124,1
LINNEUS,45,36,0,37,44,0,44,37,0,31,50,0,37,44,0
LISBON,855,835,19,820,881,8,1068,626,15,599,1094,16,874,829,6
LITCHFIELD,270,185,2,220,237,0,293,162,2,207,249,1,253,204,0
LITTLETON,50,59,2,43,65,3,59,51,1,27,82,2,51,60,0
LIVERMORE,202,151,1,172,181,1,207,145,2,154,200,0,190,164,0
LIVERMORE FALLS,287,220,16,269,239,15,345,161,17,218,291,14,272,237,14
LONG ISLAND,68,24,0,68,23,1,79,13,0,72,20,0,68,24,0
LOVELL,98,63,3,95,67,2,111,51,2,86,76,2,100,61,3
LOWELL,18,25,0,17,26,0,25,18,0,14,29,0,19,24,0
LUBEC,133,96,1,153,77,0,181,48,1,103,124,3,160,69,1
LUDLOW,27,26,0,22,31,0,29,24,0,14,39,0,23,30,0
LYMAN,335,207,5,320,225,2,399,142,6,291,252,4,355,190,2
MACHIAS,128,99,2,149,80,0,176,51,2,109,117,3,152,76,1
MACHIASPORT,67,65,0,67,64,1,88,43,1,62,69,1,79,51,2
MACWAHOC,7,7,0,9,5,0,7,7,0,7,7,0,8,6,0
MADAWASKA,434,250,11,475,211,9,529,154,12,318,365,12,450,234,11
MADISON,295,204,11,278,225,7,344,156,10,250,253,7,313,193,4
MAGALLOWAY,4,7,0,3,8,0,4,7,0,1,10,0,4,7,0
MANCHESTER,304,185,2,326,163,2,383,105,3,279,210,2,335,155,1
MAPLETON,100,103,1,114,89,1,142,62,0,79,124,1,131,73,0
MARIAVILLE,37,44,0,35,46,0,51,30,0,30,51,0,37,44,0
MARS HILL,80,95,1,85,89,2,96,78,2,61,114,1,91,84,1
MARSHFIELD,47,36,1,45,38,1,65,19,0,39,43,2,49,35,0
MASARDIS,13,20,0,16,17,0,19,13,1,11,22,0,16,16,1
MATINICUS ISLE,7,10,0,11,6,0,16,1,0,10,7,0,13,4,0
MATTAWAMKEAG,32,27,1,35,25,0,39,21,0,28,32,0,41,19,0
MAXFIELD,6,7,0,4,9,0,5,8,0,4,9,0,5,8,0
MECHANIC FALLS,153,144,0,143,153,1,180,116,1,106,189,2,159,138,0
MEDDYBEMPS,14,17,0,13,17,1,18,13,0,9,21,1,15,16,0
MEDFORD,23,25,0,23,25,0,27,21,0,16,32,0,22,26,0
MEDWAY,75,89,1,66,99,0,97,66,2,54,109,2,72,93,0
MERCER,54,54,0,48,60,0,67,41,0,40,68,0,61,47,0
MERRILL,13,15,0,5,23,0,13,15,0,4,24,0,6,22,0
MEXICO,165,155,1,180,140,1,220,100,1,129,190,2,180,140,1
MILBRIDGE,65,59,1,59,63,3,82,42,1,56,68,1,68,57,0
MILFORD,225,161,3,205,181,3,263,122,4,172,214,3,233,153,3
MILLINOCKET,592,466,26,520,532,32,707,348,29,461,605,18,590,469,25
MILO,143,90,0,132,98,3,179,54,0,102,131,0,140,92,1
MINOT,158,132,1,154,136,1,178,108,5,143,147,1,168,122,1
MONHEGAN ISLAND,16,14,0,27,3,0,29,1,0,23,7,0,26,4,0
MONMOUTH,349,190,4,341,195,7,387,150,6,308,229,6,371,166,6
MONROE,56,54,1,56,53,2,76,34,1,46,64,1,62,49,0
MONSON,70,55,1,59,66,1,77,49,0,51,74,1,70,55,1
MONTICELLO,29,44,2,29,44,2,42,29,4,17,55,3,34,38,3
MONTVILLE,41,76,1,67,51,0,70,48,0,55,61,2,70,48,0
MOOSE RIVER,8,12,0,6,14,0,11,9,0,4,16,0,8,12,0
MORO,2,3,0,0,5,0,0,5,0,0,5,0,0,5,0
MORRILL,80,74,0,70,83,1,96,58,0,64,88,2,86,68,0
MOSCOW,28,28,1,30,25,2,34,23,0,25,30,2,35,21,1
MOUNT CHASE,23,24,0,24,23,0,31,15,1,24,23,0,22,25,0
MOUNT DESERT,229,154,5,288,97,3,318,68,2,266,116,6,299,87,2
MOUNT VERNON,135,87,2,141,80,3,164,58,2,121,102,1,143,79,2
NAPLES,243,161,6,203,201,6,277,127,6,204,201,5,229,175,6
NEW CANADA,29,21,0,30,20,0,37,13,0,19,31,0,28,22,0
NEW GLOUCESTER,340,284,1,333,290,2,395,228,2,283,340,2,377,248,0
NEW LIMERICK,40,39,3,38,42,2,55,26,1,33,47,2,47,35,0
NEW PORTLAND,57,72,0,64,64,1,80,49,0,53,75,1,67,61,1
NEW SHARON,111,115,1,112,114,1,142,84,1,96,130,1,120,107,0
NEW SWEDEN,77,108,1,96,89,1,113,71,2,57,127,2,94,91,1
NEW VINEYARD,40,60,1,33,68,0,55,46,0,32,69,0,40,61,0
NEWBURGH,112,93,0,99,106,0,142,63,0,82,121,2,125,80,0
NEWCASTLE,222,132,2,246,108,2,287,67,2,243,109,4,267,89,0
NEWFIELD,86,60,2,85,62,1,102,44,2,69,78,1,87,60,1
NEWPORT,226,129,2,177,179,1,253,104,0,161,194,2,215,141,1
NEWRY,55,28,0,57,24,2,63,19,1,51,32,0,56,27,0
NOBLEBORO,158,136,1,171,121,3,205,89,1,164,128,3,187,105,3
NORRIDGEWOCK,194,137,1,176,155,1,210,119,3,149,182,1,195,136,1
NORTH BERWICK,360,226,6,349,240,3,426,162,4,306,278,8,387,202,3
NORTH HAVEN,55,26,3,68,16,0,74,9,1,65,17,2,70,13,1
NORTH YARMOUTH,376,219,5,392,206,2,452,146,2,368,229,3,415,184,1
NORTHFIELD,12,13,0,16,9,0,21,4,0,12,13,0,18,7,0
NORTHPORT,153,151,1,166,139,0,210,94,1,161,141,3,178,126,1
NORWAY,360,204,3,340,224,3,408,155,4,327,234,6,361,204,2
OAKFIELD,33,17,1,22,29,0,27,23,1,15,35,1,24,27,0
OAKLAND,508,381,10,517,374,8,617,273,9,436,451,12,550,340,9
OGUNQUIT,276,113,6,306,82,7,339,48,8,278,110,7,305,85,5
OLD ORCHARD BEACH,1055,588,36,1103,548,28,1276,370,33,934,714,31,1159,497,23
OLD TOWN,662,475,28,710,447,8,851,297,17,578,575,12,773,380,12
ORIENT,19,9,0,18,10,0,21,7,0,15,13,0,21,7,0
ORLAND,351,337,13,360,332,9,483,208,10,325,367,9,414,280,7
ORONO,627,400,19,841,197,8,871,165,10,614,414,18,837,204,5
ORRINGTON,354,245,2,287,314,0,393,204,4,282,316,3,360,241,0
OSBORN,7,15,0,6,16,0,7,15,0,4,18,0,6,16,0
OTIS,62,64,2,49,78,1,73,54,1,51,77,0,67,60,1
OTISFIELD,129,87,0,136,80,0,163,52,1,117,99,0,147,69,0
OWLS HEAD,146,121,2,167,100,2,204,63,2,157,109,3,178,91,0
OXBOW,6,6,0,6,6,0,9,3,0,4,8,0,6,6,0
OXFORD,290,224,5,248,265,6,311,201,7,210,300,9,261,252,6
PALERMO,100,78,0,82,94,2,109,67,2,84,94,0,92,86,0
PALMYRA,122,91,1,98,113,3,144,69,1,81,132,1,113,100,1
PARIS,325,216,6,295,249,3,378,167,2,248,294,5,326,220,1
PARKMAN,43,58,0,36,65,0,59,42,0,31,70,0,47,54,0
PARSONSFIELD,98,70,0,95,73,0,116,51,1,88,80,0,102,66,0
PASSADUMKEAG,31,28,0,23,36,0,33,26,0,17,42,0,30,29,0
PATTEN,68,54,3,71,53,1,83,40,2,47,75,3,70,53,2
PEMBROKE,72,69,0,71,70,0,87,54,0,55,86,0,81,60,0
PENOBSCOT,132,131,4,152,111,4,191,75,1,154,112,1,170,95,2
PENOBSCOT NATION VOTING DISTRICT,23,14,0,23,14,0,29,8,0,19,18,0,26,11,0
PERHAM,19,13,1,15,18,0,17,15,1,10,22,1,17,16,0
PERRY,74,70,3,80,66,1,106,40,1,75,70,2,91,56,0
PERU,173,127,2,166,136,0,203,99,0,126,174,2,173,128,1
PHILLIPS,79,92,1,80,92,0,101,70,1,64,107,1,80,91,1
PHIPPSBURG,270,177,9,316,136,4,358,93,5,306,148,2,324,131,1
PITTSFIELD,292,135,6,259,165,9,320,106,7,229,197,7,291,135,7
PITTSTON,210,124,1,194,139,2,240,95,0,191,141,3,202,132,1
PLEASANT POINT,18,14,1,28,5,0,26,7,0,19,14,0,25,8,0
PLEASANT RIDGE,12,9,0,15,6,0,13,8,0,10,11,0,14,7,0
PLYMOUTH,78,64,2,49,94,1,81,62,1,45,98,1,58,84,2
POLAND,316,261,2,305,270,4,387,188,4,255,318,6,345,230,4
PORTAGE LAKE,24,34,0,29,29,0,39,19,0,20,38,0,36,22,0
PORTER,87,59,0,89,56,1,102,43,1,80,66,0,93,53,0
PORTLAND,9629,5045,517,11735,3140,316,12374,2404,413,10204,4513,474,12194,2719,278
POWNAL,259,347,9,290,316,9,359,249,7,246,357,12,315,295,5
PRENTISS,3,3,0,5,1,0,5,1,0,2,4,0,5,1,0
PRESQUE ISLE,572,524,14,649,454,7,758,339,13,431,660,19,712,385,13
PRINCETON,70,68,0,58,79,1,93,45,0,41,95,2,76,62,0
PROSPECT,55,60,2,50,66,1,62,54,1,35,81,1,54,63,0
RANDOLPH,215,103,4,188,129,5,233,79,10,159,157,6,206,113,3
RANGELEY,131,88,0,122,96,1,155,62,2,98,121,0,131,88,0
RAYMOND,389,243,1,376,255,2,458,175,0,337,295,1,405,228,0
READFIELD,283,144,4,285,143,3,330,98,3,253,174,4,303,126,2
REED,6,11,0,4,11,2,10,7,0,2,14,1,10,7,0
RICHMOND,296,157,3,266,186,4,329,125,2,244,209,3,298,155,3
RIPLEY,36,39,0,30,45,0,44,31,0,25,50,0,31,44,0
ROBBINSTON,36,40,0,31,45,0,52,24,0,32,44,0,38,38,0
ROCKLAND,589,568,34,695,469,27,879,294,18,618,546,27,747,425,19
ROCKPORT,361,234,6,418,179,4,498,98,5,375,213,13,443,150,8
ROCKWOOD STRIP,32,37,0,29,40,0,41,27,1,29,40,0,35,34,0
ROME,74,51,1,76,50,0,90,36,0,67,58,1,79,47,0
ROQUE BLUFFS,29,12,1,33,9,0,36,5,1,21,20,1,33,9,0
ROXBURY,48,29,1,40,37,1,54,24,0,34,43,1,46,31,1
RUMFORD,572,328,12,580,323,9,695,206,11,466,436,10,599,305,8
SABATTUS,421,380,11,363,435,14,481,315,16,298,498,16,397,408,7
SACO,2173,1849,75,2372,1657,68,2714,1298,85,1921,2094,82,2570,1480,47
SAINT AGATHA,88,43,0,94,37,0,103,28,0,67,64,0,91,40,0
SAINT ALBANS,104,128,0,89,143,0,129,101,2,82,149,1,109,123,0
SAINT FRANCIS,32,15,0,30,16,1,35,12,0,19,28,0,31,16,0
SAINT GEORGE,263,179,6,317,127,4,344,99,5,302,141,5,324,122,2
SAINT JOHN,27,17,0,35,9,0,31,13,0,15,29,0,33,11,0
SANDY RIVER,24,9,0,18,15,0,26,7,0,17,15,1,17,16,0
SANFORD,2216,1573,117,2231,1568,107,2586,1179,141,1782,2006,118,2372,1450,84
SANGERVILLE,85,75,1,78,83,0,105,55,1,68,93,0,86,75,0
SCARBOROUGH,2374,1572,82,2540,1419,69,2946,1009,73,2232,1706,90,2757,1223,48
SEARSMONT,85,100,2,92,94,1,132,53,2,92,93,2,110,77,0
SEARSPORT,180,168,7,170,182,3,242,111,2,170,182,3,191,162,2
SEBAGO,149,94,3,149,95,2,177,67,2,147,96,3,157,88,1
SEBEC,55,47,1,40,62,1,62,40,1,50,53,0,56,46,1
SEBOEIS,13,8,0,12,9,0,15,6,0,9,12,0,11,10,0
SEDGWICK,107,96,1,132,71,1,150,52,2,114,88,2,142,62,0
SHAPLEIGH,108,109,2,98,121,0,139,79,1,89,129,1,121,97,1
SHERMAN,49,83,3,47,86,2,54,78,3,36,95,4,50,82,3
SHIRLEY,29,24,0,23,30,0,36,17,0,19,34,0,28,25,0
SIDNEY,304,230,3,298,238,1,361,172,4,250,284,3,320,214,3
SKOWHEGAN,495,331,7,452,370,11,567,257,9,404,423,6,494,332,7
SMITHFIELD,99,80,2,100,81,0,133,48,0,96,84,1,108,73,0
SMYRNA,8,14,0,7,15,0,8,14,0,5,17,0,8,14,0
SOLON,78,76,1,76,79,0,94,61,0,67,88,0,89,66,0
SOMERVILLE,34,28,6,27,35,6,33,29,6,27,37,4,29,33,6
SORRENTO,50,33,0,53,29,1,62,21,0,44,38,1,55,28,0
SOUTH BERWICK,432,326,12,495,271,4,583,185,2,413,354,3,541,227,2
SOUTH BRISTOL,101,61,0,107,55,0,130,31,1,112,48,2,118,44,0
SOUTH PORTLAND,5168,3331,332,5972,2643,216,6607,1944,280,5026,3517,288,6456,2197,178
SOUTH THOMASTON,123,99,2,137,86,1,164,58,2,122,99,3,141,82,1
SOUTHPORT,106,57,4,112,53,2,138,25,4,113,51,3,126,38,3
SOUTHWEST HARBOR,208,147,8,236,124,3,294,64,5,205,153,5,251,108,4
SPRINGFIELD,17,24,7,14,26,8,21,19,8,15,25,8,20,21,7
STACYVILLE,27,23,1,17,34,0,27,23,1,19,30,2,17,34,0
STANDISH,550,419,4,547,422,4,691,280,2,478,488,7,605,367,1
STARKS,48,43,0,49,42,0,55,35,1,42,49,0,48,43,0
STETSON,91,81,1,71,101,1,99,72,2,65,105,3,80,92,1
STEUBEN,59,60,2,74,46,1,88,32,1,55,64,2,74,46,1
STOCKHOLM,56,38,0,62,32,0,69,25,0,50,44,0,66,28,0
STOCKTON SPRINGS,187,147,2,178,157,1,240,95,1,170,164,2,210,126,0
STONEHAM,14,14,1,18,11,0,21,8,0,14,14,1,20,9,0
STONINGTON,89,51,3,103,40,0,128,15,0,94,47,2,111,32,0
STOW,19,22,0,19,22,0,28,13,0,18,22,1,24,17,0
STRONG,80,94,0,66,108,0,97,77,0,57,116,1,78,96,0
SULLIVAN,110,96,1,105,102,0,143,62,2,84,123,0,119,87,1
SUMNER,93,93,1,75,111,1,112,73,2,80,106,1,91,95,1
SURRY,189,148,4,209,127,5,256,82,3,201,136,4,231,108,2
SWANS ISLAND,33,35,2,36,32,2,53,17,0,36,33,1,42,27,1
SWANVILLE,81,89,3,65,105,3,101,70,2,66,103,4,73,98,2
SWEDEN,40,20,0,46,14,0,51,9,0,41,19,0,48,12,0
TALMADGE,8,3,0,5,6,0,8,3,0,3,8,0,5,6,0
TEMPLE,63,38,0,61,40,0,72,29,0,56,42,3,64,37,0
THE FORKS,11,8,0,12,7,0,13,6,0,10,9,0,11,8,0
THOMASTON,201,112,1,211,102,1,260,53,1,186,125,3,210,103,1
THORNDIKE,37,47,1,36,48,1,46,39,0,32,51,2,46,38,1
TOPSFIELD,12,22,0,7,27,0,17,17,0,4,30,0,13,21,0
TOPSHAM,894,463,19,919,441,16,1082,279,15,858,504,14,966,400,10
TREMONT,131,89,3,148,73,2,174,49,0,127,94,2,154,69,0
TRENTON,117,105,1,117,105,1,157,64,2,117,106,0,132,90,1
TROY,55,66,3,59,65,0,81,43,0,49,74,1,64,59,1
TURNER,383,304,4,383,304,4,460,228,3,329,356,6,417,270,4
UNION,179,158,4,179,160,2,233,106,2,154,183,4,196,143,2
UNITY,108,101,2,93,117,1,130,79,2,91,119,1,111,100,0
UPTON,10,10,0,10,10,0,12,8,0,8,12,0,8,12,0
VAN BUREN,130,88,5,158,62,3,172,51,0,103,115,5,155,63,5
VANCEBORO,18,17,0,18,17,0,21,14,0,12,23,0,20,15,0
VASSALBORO,347,232,4,331,251,1,418,164,1,304,273,6,363,217,3
VEAZIE,195,110,0,194,109,2,232,73,0,162,141,2,215,89,1
VERONA ISLAND,47,49,0,39,56,1,65,31,0,35,60,1,49,47,0
VIENNA,55,59,1,69,45,1,77,37,1,57,56,2,74,39,2
VINALHAVEN,124,57,2,136,45,2,159,23,1,131,51,1,134,47,2
WADE,18,15,0,20,13,0,19,14,0,14,19,0,21,12,0
WAITE,7,9,0,6,10,0,9,6,1,3,13,0,8,8,0
WALDO,48,37,1,39,47,0,56,30,0,34,52,0,47,38,1
WALDOBORO,479,338,12,463,360,6,586,236,7,435,383,11,492,333,4
WALES,94,103,0,77,120,0,111,85,1,72,124,1,90,107,0
WALLAGRASS,35,26,0,46,14,1,46,15,0,26,35,0,47,14,0
WALTHAM,23,38,0,20,41,0,35,26,0,19,42,0,26,34,1
WARREN,192,194,5,180,206,5,245,144,2,170,217,4,214,175,2
WASHBURN,98,69,0,87,79,1,120,46,1,64,103,0,96,71,0
WASHINGTON,141,87,1,137,91,1,164,64,1,125,101,3,139,86,4
WATERBORO,318,228,7,288,258,7,354,193,6,240,303,10,325,222,6
WATERFORD,123,82,3,129,78,1,152,55,1,110,97,1,146,61,1
WATERVILLE,1062,459,29,1100,429,21,1228,303,19,958,561,31,1168,361,21
WAYNE,190,85,3,196,81,1,218,58,2,188,87,3,211,64,3
WEBSTER,3,4,0,3,4,0,4,3,0,3,4,0,3,4,0
WELD,57,38,0,52,43,0,66,28,1,50,45,0,58,37,0
WELLINGTON,23,11,0,20,14,0,26,7,1,15,18,1,20,14,0
WELLS,1577,964,62,1705,863,35,1879,674,50,1435,1107,61,1837,737,29
WESLEY,11,12,0,6,17,0,9,14,0,6,17,0,6,17,0
WEST BATH,248,196,2,257,188,1,326,117,3,228,215,3,267,177,2
WEST FORKS,8,10,0,7,11,0,10,8,0,4,14,0,8,10,0
WEST GARDINER,284,183,2,244,223,2,307,158,4,212,253,4,267,200,2
WEST PARIS,111,59,1,103,64,4,126,43,2,82,86,3,105,65,1
WESTBROOK,2211,1308,80,2260,1266,73,2489,1036,74,1938,1566,95,2406,1139,54
WESTFIELD,24,24,0,26,22,0,32,15,1,21,26,1,32,16,0
WESTMANLAND,8,11,0,9,10,0,13,6,0,6,13,0,11,8,0
WESTON,14,28,0,14,28,0,19,22,1,9,33,0,14,28,0
WESTPORT ISLAND,112,65,0,114,63,0,135,42,0,119,58,0,116,61,0
WHITEFIELD,181,134,1,168,146,2,214,99,3,149,164,3,184,130,2
WHITING,52,55,1,50,57,1,69,39,0,37,71,0,57,51,0
WHITNEYVILLE,17,10,0,11,16,0,15,12,0,8,18,1,11,16,0
WILLIMANTIC,9,14,0,9,14,0,11,12,0,5,18,0,12,11,0
WILTON,306,288,3,303,293,1,379,216,2,262,332,3,328,268,1
WINDHAM,1165,850,41,1064,951,41,1341,677,38,947,1059,50,1237,792,27
WINDSOR,167,118,2,138,148,1,184,103,0,134,153,0,173,114,0
WINN,24,21,1,20,26,0,26,20,0,16,30,0,17,29,0
WINSLOW,596,346,12,557,381,16,673,272,9,521,416,17,629,312,13
WINTER HARBOR,57,47,1,59,45,1,79,24,2,46,57,2,65,40,0
WINTERPORT,297,245,0,257,284,1,340,201,1,238,301,3,301,241,0
WINTERVILLE,20,20,0,21,19,0,26,13,1,16,24,0,17,23,0
WINTHROP,649,351,7,633,365,9,771,227,9,571,424,12,695,308,4
WISCASSET,507,378,14,502,380,17,656,230,13,427,458,14,510,379,10
WOODLAND,66,78,1,75,68,2,89,56,0,44,100,1,78,66,1
WOODSTOCK,91,75,1,86,80,1,102,65,0,73,93,1,89,78,0
WOODVILLE,5,14,0,6,13,0,5,13,1,4,15,0,7,12,0
WOOLWICH,358,307,12,404,268,5,478,189,10,352,317,8,406,268,3
YARMOUTH,922,552,10,1048,431,5,1194,283,7,1013,453,18,1122,353,9
YORK,1982,1009,107,2192,828,78,2475,544,79,1956,1048,94,2267,766,65
